"run_kind","relative_path","size_bytes","sha256"
"candidate","out/portfolio/candidates/core10-rtx3080-20260720T092500Z/004/build/baseline/benchmark/cmake-build.log","353","31aea4ebfd24c3a7cabbd5a62761041991de3a387e4675c7a7fcd53563f71e06"
"candidate","out/portfolio/candidates/core10-rtx3080-20260720T092500Z/004/build/baseline/benchmark/cmake-configure.log","1555","54adcd18b8cd7aa13780b2fe937fec8583a111a4d9ebad98b1989ac8787e0fce"
"candidate","out/portfolio/candidates/core10-rtx3080-20260720T092500Z/004/build/baseline/normalized-correctness-official/cmake-build.log","375","83356533a86b43eb0ee0d730e3f101548c2ffd31407da916defa37736faae362"
"candidate","out/portfolio/candidates/core10-rtx3080-20260720T092500Z/004/build/baseline/normalized-correctness-official/cmake-configure.log","1621","4e3133fdbbf414df528c95662590bf85a9825e0b8df4ad193a74fdf257c1fa77"
"candidate","out/portfolio/candidates/core10-rtx3080-20260720T092500Z/004/build/baseline/original-correctness-official/cmake-build.log","373","6fbc54261e410958aea89853ddad855d63d80f14490dbf4bbac021306abf695e"
"candidate","out/portfolio/candidates/core10-rtx3080-20260720T092500Z/004/build/baseline/original-correctness-official/cmake-configure.log","1615","5cd0440fde58bbe59900d4c9fc90f8efc5e01ff1ba7a99015834b4b7a0f38e35"
"candidate","out/portfolio/candidates/core10-rtx3080-20260720T092500Z/004/build/row_block_half2/benchmark/cmake-build.log","360","6d99eaaee565034ff0aa62af4d58e3aee8bc7af8f020dd4da424974657171223"
"candidate","out/portfolio/candidates/core10-rtx3080-20260720T092500Z/004/build/row_block_half2/benchmark/cmake-configure.log","1576","18a5224f562ceb6e5d99d47d79ebf2f3b28d831b3a8ed41f064e5c4569eaa060"
"candidate","out/portfolio/candidates/core10-rtx3080-20260720T092500Z/004/build/row_block_half2/normalized-correctness-official/cmake-build.log","382","a7b7a00dbe4c2ca04002a183c22d1be58d4e1b27d4cc0ecb9296c5af809e65b0"
"candidate","out/portfolio/candidates/core10-rtx3080-20260720T092500Z/004/build/row_block_half2/normalized-correctness-official/cmake-configure.log","1642","19eab9281e92742c6f5aa93f9274632837458001b18cbeeea39152171b58f914"
"candidate","out/portfolio/candidates/core10-rtx3080-20260720T092500Z/004/build/row_block_half2/original-correctness-official/cmake-build.log","380","9f5355b3b029ea35a57607e57163011646b5ce5e577174e0218c24281198f6db"
"candidate","out/portfolio/candidates/core10-rtx3080-20260720T092500Z/004/build/row_block_half2/original-correctness-official/cmake-configure.log","1636","72ac684ad032ab0c3978db13bce6ec17648283e20c24bbd1597317643cd4f376"
"candidate","out/portfolio/candidates/core10-rtx3080-20260720T092500Z/004/comparison.csv","458","cca45b7cb6caa9c95854ac3e72b364c5abded3eb1a4ef716bad8ff821fda8999"
"candidate","out/portfolio/candidates/core10-rtx3080-20260720T092500Z/004/correctness-baseline-normalized-official.log","171","0ebaf585a4afadebd57bb312991d06960b85c148f980a5b73b4498f9827c20f4"
"candidate","out/portfolio/candidates/core10-rtx3080-20260720T092500Z/004/correctness-baseline-original-official.log","169","00a171110b7c6ac0be5b712e63a91cf2f218568fb0f8b8c1b2008e7ed08dbd69"
"candidate","out/portfolio/candidates/core10-rtx3080-20260720T092500Z/004/correctness-row_block_half2-normalized-official.log","178","0e643762f80974826aee85ab24e0e1725b2873cf7421850965f1542470c8df0b"
"candidate","out/portfolio/candidates/core10-rtx3080-20260720T092500Z/004/correctness-row_block_half2-original-official.log","176","7ca2c98a9b58ad4543c2ab6af2ce758b2e63bcafacdbd4f98854c6c2e8abbb6a"
"candidate","out/portfolio/candidates/core10-rtx3080-20260720T092500Z/004/measurements.jsonl","18730","1427536d30fbf31e0521ad6a32bc1b8010a48543dc29a7117203a63659d12414"
"candidate","out/portfolio/candidates/core10-rtx3080-20260720T092500Z/004/round-0-session-0-0-baseline.log","1605","8a09bad7b2db06d36af61b121884b5e702fed8571a5b9ea1fb033eec8a06cc08"
"candidate","out/portfolio/candidates/core10-rtx3080-20260720T092500Z/004/round-0-session-0-1-row_block_half2.log","1611","9071d95f4b35fd0357abb5bbe56aef9ff1efe07b4250430c0725ebdf56a967f7"
"candidate","out/portfolio/candidates/core10-rtx3080-20260720T092500Z/004/round-0-session-1-0-row_block_half2.log","1615","ef58acf2b7b6e7eb8c9eb52b6ff49863856e06f903decb357802bc169036a236"
"candidate","out/portfolio/candidates/core10-rtx3080-20260720T092500Z/004/round-0-session-1-1-baseline.log","1597","3d726bd68d28c8904c8b3cf7ff8ab4b567002008551524961f6196836a7a76e2"
"candidate","out/portfolio/candidates/core10-rtx3080-20260720T092500Z/004/round-0-session-2-0-baseline.log","1594","120865d967e546a97bba2e041861b6546c853c37698d009aa3c4f54e72796ec7"
"candidate","out/portfolio/candidates/core10-rtx3080-20260720T092500Z/004/round-0-session-2-1-row_block_half2.log","1616","c48360820d08a9bd91554aae24a635b1349833f320e7316cd199eed436d6418f"
"candidate","out/portfolio/candidates/core10-rtx3080-20260720T092500Z/004/run_manifest.json","4373","2f635195ca12c5f8f40f3bfa03ca8f5d0e353f535914fd9366600b424bba0db3"
"candidate","out/portfolio/candidates/core10-rtx3080-20260720T092500Z/004/summary.json","4511","c086939e36c418e89606d90a3da280556ccdc4663659784d47f4f013303dbdda"
"candidate","out/portfolio/candidates/core10-rtx3080-20260720T092500Z/007/build/baseline/benchmark/cmake-build.log","353","7e55ea790a5f69627a2fa55a72311106295a8bdb40684f7392d638658819288f"
"candidate","out/portfolio/candidates/core10-rtx3080-20260720T092500Z/007/build/baseline/benchmark/cmake-configure.log","1555","c3acb82f011efe57f650135ea9285882a16311e6bdb054738355057f8c568a3b"
"candidate","out/portfolio/candidates/core10-rtx3080-20260720T092500Z/007/build/baseline/normalized-correctness-official/cmake-build.log","375","a70686543fda2221cb344f7d522366adc9b7c95b31c03c575f3784a99f5cbfac"
"candidate","out/portfolio/candidates/core10-rtx3080-20260720T092500Z/007/build/baseline/normalized-correctness-official/cmake-configure.log","1621","38c5665255210966f14932c89b9fa092acccc6abf89d7d384cb3e265b94d168a"
"candidate","out/portfolio/candidates/core10-rtx3080-20260720T092500Z/007/build/baseline/original-correctness-official/cmake-build.log","373","b20f262c6a620430879f19a22e0656fe4af3dfb754a5f3db1f4e579781b2a7fd"
"candidate","out/portfolio/candidates/core10-rtx3080-20260720T092500Z/007/build/baseline/original-correctness-official/cmake-configure.log","1615","4720e54ebc2aefc43b2ac90ac9daf30ccf159309b9af88cfcb618422b4ef8050"
"candidate","out/portfolio/candidates/core10-rtx3080-20260720T092500Z/007/build/cublas_gemm_ex/benchmark/cmake-build.log","359","50aa75c140957d77d93474fe6804b6a86f0de00abedf575c11049bcb84785168"
"candidate","out/portfolio/candidates/core10-rtx3080-20260720T092500Z/007/build/cublas_gemm_ex/benchmark/cmake-configure.log","1573","03f85d53b9bd1c61e9d9881e4da84fa4fabfe464a00ce62672c60afe336b2d42"
"candidate","out/portfolio/candidates/core10-rtx3080-20260720T092500Z/007/build/cublas_gemm_ex/normalized-correctness-official/cmake-build.log","381","d30bc0752b80213a361f7fe7b73fe45d18cc5f2b60838e8f1f5c2196a7d73c4b"
"candidate","out/portfolio/candidates/core10-rtx3080-20260720T092500Z/007/build/cublas_gemm_ex/normalized-correctness-official/cmake-configure.log","1639","720ec88089737aa2dd8740140b07571898ac0c01174c8df258a890d432ad7506"
"candidate","out/portfolio/candidates/core10-rtx3080-20260720T092500Z/007/build/cublas_gemm_ex/original-correctness-official/cmake-build.log","379","b1f44989100ac5aecb4d3e065a2550dc3665f98dad501f9230ad7338bc033d22"
"candidate","out/portfolio/candidates/core10-rtx3080-20260720T092500Z/007/build/cublas_gemm_ex/original-correctness-official/cmake-configure.log","1633","535ea845db3230c609411b358a400fd607a840afdf88efce749550613e2daf45"
"candidate","out/portfolio/candidates/core10-rtx3080-20260720T092500Z/007/comparison.csv","475","88528054d819a977ef16a0146a6a453c6ae81e1b67439dcbe780ee00b7f20538"
"candidate","out/portfolio/candidates/core10-rtx3080-20260720T092500Z/007/correctness-baseline-normalized-official.log","171","cf4b50c995fb6fa37bdaf3322f39b428735eef2e657dfca0a5aa5f0be5206279"
"candidate","out/portfolio/candidates/core10-rtx3080-20260720T092500Z/007/correctness-baseline-original-official.log","169","d2cc78a1a50f35bc16c2796e9e6c60b06ea2508fb2646b84517eae0b184ba7b6"
"candidate","out/portfolio/candidates/core10-rtx3080-20260720T092500Z/007/correctness-cublas_gemm_ex-normalized-official.log","177","a093e63f08f74e11072527cc6c084546004501b249107f6fb4ef8da9c8c5f37d"
"candidate","out/portfolio/candidates/core10-rtx3080-20260720T092500Z/007/correctness-cublas_gemm_ex-original-official.log","175","1ffef57014247d3d9854fcdfb0b56e385c15d1d8f06de2063c22ac36ad54164e"
"candidate","out/portfolio/candidates/core10-rtx3080-20260720T092500Z/007/measurements.jsonl","18736","0b23a2cfe53f1275444d3765ee3c9cd47f71d0511b2247911566b50cb9d5a1e8"
"candidate","out/portfolio/candidates/core10-rtx3080-20260720T092500Z/007/round-0-session-0-0-baseline.log","1601","7ae89345810b977ce0e060b3031b9bcdd5c5ef9bed8acec85b2c3795eb1c71dc"
"candidate","out/portfolio/candidates/core10-rtx3080-20260720T092500Z/007/round-0-session-0-1-cublas_gemm_ex.log","1611","28a89f12021aac3155b3d39817529c541f414ec635c72f2529aa4536c45bec88"
"candidate","out/portfolio/candidates/core10-rtx3080-20260720T092500Z/007/round-0-session-1-0-cublas_gemm_ex.log","1604","0bfc8ca8240ad67a3c254f766b0c4fc9169dc17a52633ee87d34821239eb6e7b"
"candidate","out/portfolio/candidates/core10-rtx3080-20260720T092500Z/007/round-0-session-1-1-baseline.log","1602","8795382f2e73be85606f96722ee2224b1dabaae8f0f54b6d162a4de1be762ae3"
"candidate","out/portfolio/candidates/core10-rtx3080-20260720T092500Z/007/round-0-session-2-0-baseline.log","1604","fb0640da65c85114786f159f6cc872cf7583a822a0534c9f53d08de06a3b8c14"
"candidate","out/portfolio/candidates/core10-rtx3080-20260720T092500Z/007/round-0-session-2-1-cublas_gemm_ex.log","1608","e3c24fd9ddef9e27535941ff686ae1c99e5033c12b8e5f4926090d816138ef47"
"candidate","out/portfolio/candidates/core10-rtx3080-20260720T092500Z/007/run_manifest.json","4422","34b7042f28531799d4fea33f29512fb70243b80c5e0e6b414f68b009c6a62e9f"
"candidate","out/portfolio/candidates/core10-rtx3080-20260720T092500Z/007/summary.json","4631","d93562eecb98135492c68841342c69f863f19b707e737d09b21175103e94f432"
"candidate","out/portfolio/candidates/core10-rtx3080-20260720T092500Z/019/build/baseline/benchmark/cmake-build.log","353","146c1a65570fa923f5ed103639636475e6387170fb2e4e9e3496e3ca42214074"
"candidate","out/portfolio/candidates/core10-rtx3080-20260720T092500Z/019/build/baseline/benchmark/cmake-configure.log","1555","0b417d3024563eb560d6b7143a32c77cfc2dba2cb298d8865d276617c644c984"
"candidate","out/portfolio/candidates/core10-rtx3080-20260720T092500Z/019/build/baseline/normalized-correctness-official/cmake-build.log","375","e4ef35c88ee70e01f0430609ab66c7a26e0f176de0bd1e66863e91718ae625fd"
"candidate","out/portfolio/candidates/core10-rtx3080-20260720T092500Z/019/build/baseline/normalized-correctness-official/cmake-configure.log","1621","b99ac5dc363d6b476d3c346bca58b656f6fdabbda9e3d18c0ededc8f4c5436c7"
"candidate","out/portfolio/candidates/core10-rtx3080-20260720T092500Z/019/build/baseline/original-correctness-official/cmake-build.log","373","665766cde9af49b27f9b8d552c53c4d519a6db526dfe69158bf39565eefc3270"
"candidate","out/portfolio/candidates/core10-rtx3080-20260720T092500Z/019/build/baseline/original-correctness-official/cmake-configure.log","1615","9d4796dfb761839ab30a4af8258b89c409f1a307672b616191e70f008c736ffe"
"candidate","out/portfolio/candidates/core10-rtx3080-20260720T092500Z/019/build/pack8_relu/benchmark/cmake-build.log","355","7ca6c6419a9ac670aabd64393010d42fc6b16e34bae22a9fe0ac3f2f896fa165"
"candidate","out/portfolio/candidates/core10-rtx3080-20260720T092500Z/019/build/pack8_relu/benchmark/cmake-configure.log","1561","80d195da122784a18232d45246d366b5a74679b621509074cb021338eaeaa4c7"
"candidate","out/portfolio/candidates/core10-rtx3080-20260720T092500Z/019/build/pack8_relu/normalized-correctness-official/cmake-build.log","377","ec35dd9dcddf28e568ecff0d5ae56fb95199f780657eb6d5fca4a70f3be779eb"
"candidate","out/portfolio/candidates/core10-rtx3080-20260720T092500Z/019/build/pack8_relu/normalized-correctness-official/cmake-configure.log","1627","d1d05cf1b9a496260c509e617420726e710394dbd68827f1f5f30097217da7d4"
"candidate","out/portfolio/candidates/core10-rtx3080-20260720T092500Z/019/build/pack8_relu/original-correctness-official/cmake-build.log","375","5d0da7820eb1f2dba8790f094301ffd25d7acda97102898584c2cdf94ccf9060"
"candidate","out/portfolio/candidates/core10-rtx3080-20260720T092500Z/019/build/pack8_relu/original-correctness-official/cmake-configure.log","1621","2dcf9240039db7ac6ccd778b86f54663f13838f0788c612fa2612d8d010d3372"
"candidate","out/portfolio/candidates/core10-rtx3080-20260720T092500Z/019/comparison.csv","472","d6beb378ee0ccf543cf02f9e4dbf71904eadccd1f55ed1d3628c09b4e49bd74a"
"candidate","out/portfolio/candidates/core10-rtx3080-20260720T092500Z/019/correctness-baseline-normalized-official.log","171","660c7498d01e94bdcb93d18144d8cb5cce9e844377c60a1852437110b1dcbbbb"
"candidate","out/portfolio/candidates/core10-rtx3080-20260720T092500Z/019/correctness-baseline-original-official.log","169","694f97c3da096827d96876585660fc7ae1524b3dc2f6b922b8b9707435fa73c5"
"candidate","out/portfolio/candidates/core10-rtx3080-20260720T092500Z/019/correctness-pack8_relu-normalized-official.log","173","906641738077f00f36b0f1a2799e9c768aae270c8114c5eaccbee133b4e00c99"
"candidate","out/portfolio/candidates/core10-rtx3080-20260720T092500Z/019/correctness-pack8_relu-original-official.log","171","d9ae1b676d0c2bcffc29d286d85d64e92ce998783ea1b3e4603e2bbfa09f9aba"
"candidate","out/portfolio/candidates/core10-rtx3080-20260720T092500Z/019/measurements.jsonl","37142","c8c3c5448e3aaeb21f5f71250921c538332414466d7d05560c9f406a4411028f"
"candidate","out/portfolio/candidates/core10-rtx3080-20260720T092500Z/019/round-0-session-0-0-baseline.log","1601","674599b89940a0485834d597906e409c27a519a08a859b648e45bbe31c83ac51"
"candidate","out/portfolio/candidates/core10-rtx3080-20260720T092500Z/019/round-0-session-0-1-pack8_relu.log","1602","b06dfd992c62578670ba05c73f81a3b3306d5afbbebf23bafba8ad61510036fc"
"candidate","out/portfolio/candidates/core10-rtx3080-20260720T092500Z/019/round-0-session-1-0-pack8_relu.log","1603","2c5c48ef5d06715a7732892d265e718f105bdf1da2448c46da8208f3d87d8535"
"candidate","out/portfolio/candidates/core10-rtx3080-20260720T092500Z/019/round-0-session-1-1-baseline.log","1604","84cb78e6fe17af8bd83ec8ae2e5d2559f4b08319f30983cd2fcf8d6edf3f8ae7"
"candidate","out/portfolio/candidates/core10-rtx3080-20260720T092500Z/019/round-0-session-2-0-baseline.log","1602","d238fdebb776a7a2ea58c12d68153cb40f759a7eff567f41e1ac9b30b02b045c"
"candidate","out/portfolio/candidates/core10-rtx3080-20260720T092500Z/019/round-0-session-2-1-pack8_relu.log","1603","785df34c36f6ff2f864c76aca2948384a48c5b2600079146602a7e375f7ecc57"
"candidate","out/portfolio/candidates/core10-rtx3080-20260720T092500Z/019/round-1-session-0-0-baseline.log","1601","15cb3afcbb4e5c0dc7044390eb04fe8ba49a8803a2f0c93237c87f567ce9add1"
"candidate","out/portfolio/candidates/core10-rtx3080-20260720T092500Z/019/round-1-session-0-1-pack8_relu.log","1597","472bb7c008afda953b58990fc1adb364aae01ac220ba508e66215eae0bf0ed5b"
"candidate","out/portfolio/candidates/core10-rtx3080-20260720T092500Z/019/round-1-session-1-0-pack8_relu.log","1603","c6a02b2ea6830bf74ab9e7d533b41ed963926e9e12d7e65a44ec162325136c48"
"candidate","out/portfolio/candidates/core10-rtx3080-20260720T092500Z/019/round-1-session-1-1-baseline.log","1597","bc9211a964ff6cb2f529959706100cd46fb0b388cd9c5c9d8a0aead0f947b72b"
"candidate","out/portfolio/candidates/core10-rtx3080-20260720T092500Z/019/round-1-session-2-0-baseline.log","1601","2b2c3e2112f3d77822ef867ea4843ab36946359017b1e0ddb4562e180a2c0bbc"
"candidate","out/portfolio/candidates/core10-rtx3080-20260720T092500Z/019/round-1-session-2-1-pack8_relu.log","1601","622ed711dab9f431b1043b9b973c32f2c736a865be153ef3bcaeb16a94e605c2"
"candidate","out/portfolio/candidates/core10-rtx3080-20260720T092500Z/019/run_manifest.json","4381","18834e5a670593cafdecf8fbb042aa8b2cd3b6c07808633814995d5c77c0a636"
"candidate","out/portfolio/candidates/core10-rtx3080-20260720T092500Z/019/summary.json","6508","6e5700cef5a9c62402b9ee5661327e1b7a01b48458dcf03ed81b500c1ef28264"
"candidate","out/portfolio/candidates/core10-rtx3080-20260720T092500Z/023/build/baseline/benchmark/cmake-build.log","353","d8a2abd541627ae3209dd6dd8a9e60c1dca15f35937a628bbb83f705603c31e0"
"candidate","out/portfolio/candidates/core10-rtx3080-20260720T092500Z/023/build/baseline/benchmark/cmake-configure.log","1555","4e8394fcdc74222f058d138c4de90e8ec3d167f800c01c1891f98f01005c7e96"
"candidate","out/portfolio/candidates/core10-rtx3080-20260720T092500Z/023/build/baseline/normalized-correctness-official/cmake-build.log","375","d86e38d33875779e045eec8b15bd65f96493bd91273927ad85ac322559067599"
"candidate","out/portfolio/candidates/core10-rtx3080-20260720T092500Z/023/build/baseline/normalized-correctness-official/cmake-configure.log","1621","1f06b6065f7b3ac21d10043695d4e9caf9676112ff6e0cedb8dbc9b1dc0d12eb"
"candidate","out/portfolio/candidates/core10-rtx3080-20260720T092500Z/023/build/baseline/original-correctness-official/cmake-build.log","373","c085336b9d59ed9d0e8a005f28b564c0690b80692c4c403266127eb433ac81f3"
"candidate","out/portfolio/candidates/core10-rtx3080-20260720T092500Z/023/build/baseline/original-correctness-official/cmake-configure.log","1615","6b6dcb1eb7aba2b758e6c3a9c257a01917b72221a93b989c3b8105e1224261ea"
"candidate","out/portfolio/candidates/core10-rtx3080-20260720T092500Z/023/build/cached_softmax/benchmark/cmake-build.log","359","5146599e1974de02a5f4b735e90bdd5523a778d71971fe40619c1e71e340469a"
"candidate","out/portfolio/candidates/core10-rtx3080-20260720T092500Z/023/build/cached_softmax/benchmark/cmake-configure.log","1573","015036bce70b7f8b8681260adb4c6a2d784f148e9321d0258905537c75fed05c"
"candidate","out/portfolio/candidates/core10-rtx3080-20260720T092500Z/023/build/cached_softmax/normalized-correctness-official/cmake-build.log","381","b601c970572076e8da84102631c8d7e184690a665753deef3dc4d7cc6233f3c5"
"candidate","out/portfolio/candidates/core10-rtx3080-20260720T092500Z/023/build/cached_softmax/normalized-correctness-official/cmake-configure.log","1639","80d2083f7961a90b89a4902ee21d0590bfe8403b4f9a6b9afd186371096c02f4"
"candidate","out/portfolio/candidates/core10-rtx3080-20260720T092500Z/023/build/cached_softmax/original-correctness-official/cmake-build.log","379","57a92e12dadf9871d18cb34d6b1200c78a4ffdba89f4278dc4c8adf4347cd5b4"
"candidate","out/portfolio/candidates/core10-rtx3080-20260720T092500Z/023/build/cached_softmax/original-correctness-official/cmake-configure.log","1633","112aa4957a3c59bd3b63195aab474922e6673d72eeff78d554f00a7f816424ed"
"candidate","out/portfolio/candidates/core10-rtx3080-20260720T092500Z/023/comparison.csv","474","96c7b0c4cc88bf74f766bbf555935282ff78a98c780dd06fab1c4dab800c60b8"
"candidate","out/portfolio/candidates/core10-rtx3080-20260720T092500Z/023/correctness-baseline-normalized-official.log","171","9bc88f1b8e578dc8498a3a6f7903bd518cddc5a1be100c153778f77ee096181c"
"candidate","out/portfolio/candidates/core10-rtx3080-20260720T092500Z/023/correctness-baseline-original-official.log","169","dfdaa3a89f799628a0e009b99e5e8ce17ffdc74c15463f996cda14f6ef535354"
"candidate","out/portfolio/candidates/core10-rtx3080-20260720T092500Z/023/correctness-cached_softmax-normalized-official.log","177","25d145544e017ac505f6b76713fe2f786878b5276ac561ad2cc0f83b1043363d"
"candidate","out/portfolio/candidates/core10-rtx3080-20260720T092500Z/023/correctness-cached_softmax-original-official.log","175","59db140db90622435608947ffe17da61da1d826069d8ca0aa7fd1df46ca5e2a4"
"candidate","out/portfolio/candidates/core10-rtx3080-20260720T092500Z/023/measurements.jsonl","37201","374efb02e175b0fb4a0e88d9a64d0958352fdc42c9e21a80cbbc78cddd3438e3"
"candidate","out/portfolio/candidates/core10-rtx3080-20260720T092500Z/023/round-0-session-0-0-baseline.log","1603","f910d3fa4d891c98e22017498ef9d71e9f1d6a06dcdf11322dde350a48e0d48e"
"candidate","out/portfolio/candidates/core10-rtx3080-20260720T092500Z/023/round-0-session-0-1-cached_softmax.log","1611","89c410004185b561f8062a6be44ab05d217a50fcf505fb449cc8123b8843ca83"
"candidate","out/portfolio/candidates/core10-rtx3080-20260720T092500Z/023/round-0-session-1-0-cached_softmax.log","1600","69e78dcb982e9d963904269b11473e4c444ae631c33247246c6dcad2b93e0745"
"candidate","out/portfolio/candidates/core10-rtx3080-20260720T092500Z/023/round-0-session-1-1-baseline.log","1610","df7264b49a08b38507e92b31f517009f0bc279c4ab1ed3abf3d69880e1794798"
"candidate","out/portfolio/candidates/core10-rtx3080-20260720T092500Z/023/round-0-session-2-0-baseline.log","1602","5cfc329ef09e576efd1ae76c0e4dbce58ae10245d42b102a07230bae5e3cc2b5"
"candidate","out/portfolio/candidates/core10-rtx3080-20260720T092500Z/023/round-0-session-2-1-cached_softmax.log","1608","0e69db3f9dd6774679e2fcb785fe222f804dc6171c249b2ff6e2c38160adb9e9"
"candidate","out/portfolio/candidates/core10-rtx3080-20260720T092500Z/023/round-1-session-0-0-baseline.log","1594","25d934b54a1ad1ea0f214ba74f32c61050e66a2e37890c700996a4b15bd90a76"
"candidate","out/portfolio/candidates/core10-rtx3080-20260720T092500Z/023/round-1-session-0-1-cached_softmax.log","1613","040018e2a85de3860defc9dbd9474a88debc505c1c4e7b134329600e443fc7d3"
"candidate","out/portfolio/candidates/core10-rtx3080-20260720T092500Z/023/round-1-session-1-0-cached_softmax.log","1612","809c9be6943bbbce3ec535dd8d8e7ef20e7bd3674cc031a42de03358826b8219"
"candidate","out/portfolio/candidates/core10-rtx3080-20260720T092500Z/023/round-1-session-1-1-baseline.log","1567","b339b37514c8b299e7c3a8bc59daf007c1da1c37d3eb1551e817ab1f837632e7"
"candidate","out/portfolio/candidates/core10-rtx3080-20260720T092500Z/023/round-1-session-2-0-baseline.log","1598","00fc8c3d68f2fa36c890279a0ca2e9b0bbc3e64522050661a4dd11695a2e7251"
"candidate","out/portfolio/candidates/core10-rtx3080-20260720T092500Z/023/round-1-session-2-1-cached_softmax.log","1618","95a0b0e9c9e66b014a9c471c0fe333b9a49ac043514e27eee465d1ae2685e33d"
"candidate","out/portfolio/candidates/core10-rtx3080-20260720T092500Z/023/run_manifest.json","4391","b14f28e558920e098815c20d4253bce0d0961d455a05d6f8693d4f0119defbb7"
"candidate","out/portfolio/candidates/core10-rtx3080-20260720T092500Z/023/summary.json","6486","644a9208f7c3ffe22af304893fe7e53ef6d89fd0366e2d5ec02e834f6ffd24dd"
"candidate","out/portfolio/candidates/core10-rtx3080-20260720T092500Z/026/build/baseline/benchmark/cmake-build.log","353","4bacfa0a3c1a55c992f59866dc1965bd3c732f2d6877bcc213fd3bf20a32b1eb"
"candidate","out/portfolio/candidates/core10-rtx3080-20260720T092500Z/026/build/baseline/benchmark/cmake-configure.log","1555","73c0805d7e361b73d13d62e18fb7dda2b2aad1af2449826df66bce8cdd6dd29f"
"candidate","out/portfolio/candidates/core10-rtx3080-20260720T092500Z/026/build/baseline/normalized-correctness-official/cmake-build.log","375","aef6a48b7674ada55a6c2ffbf6a5d13acbb5d66af663a3340eb361c09876aa39"
"candidate","out/portfolio/candidates/core10-rtx3080-20260720T092500Z/026/build/baseline/normalized-correctness-official/cmake-configure.log","1621","a976f4260e00feb1419dc3e03105ce70ac1dbe719931dd85e11d337389530361"
"candidate","out/portfolio/candidates/core10-rtx3080-20260720T092500Z/026/build/baseline/original-correctness-official/cmake-build.log","373","1465fac6d68dabd5775e5ee269c253c6b778544789cb197e61dfea10647d17ff"
"candidate","out/portfolio/candidates/core10-rtx3080-20260720T092500Z/026/build/baseline/original-correctness-official/cmake-configure.log","1615","90688d037144d521334639e450b3f8ebfec916cb4ef941860312b83a76283e3e"
"candidate","out/portfolio/candidates/core10-rtx3080-20260720T092500Z/026/build/pack8_gelu/benchmark/cmake-build.log","355","1c9584768a8509d0fe717471b44c47e06878646735ca9caac81b3a5ccc25e647"
"candidate","out/portfolio/candidates/core10-rtx3080-20260720T092500Z/026/build/pack8_gelu/benchmark/cmake-configure.log","1561","540ecf90aa746229e5c922f0ba03854d83ba59b19d0186f4f52383c35a6e1ca6"
"candidate","out/portfolio/candidates/core10-rtx3080-20260720T092500Z/026/build/pack8_gelu/normalized-correctness-official/cmake-build.log","377","31dcd4b4c3cb37b84eea4999986accb4c593e50cc08701059a0bc49ef72b6661"
"candidate","out/portfolio/candidates/core10-rtx3080-20260720T092500Z/026/build/pack8_gelu/normalized-correctness-official/cmake-configure.log","1627","771e44a427411b49c2f48f89389bfb49423482922cf4dbd025980afba553eae0"
"candidate","out/portfolio/candidates/core10-rtx3080-20260720T092500Z/026/build/pack8_gelu/original-correctness-official/cmake-build.log","375","0369aed32a032a5b1af0a2e38c4812efc31a0c33a0cbdf60dfd17c9fb298921d"
"candidate","out/portfolio/candidates/core10-rtx3080-20260720T092500Z/026/build/pack8_gelu/original-correctness-official/cmake-configure.log","1621","da63d64eefe8b0c8c12c4aaa1b0851aedea67e77211d0889dfc90cdad8cad014"
"candidate","out/portfolio/candidates/core10-rtx3080-20260720T092500Z/026/comparison.csv","468","aee8dc22d4ca332dd8b53721f3b54828df02b359555f129d4fbad8c0d8bda688"
"candidate","out/portfolio/candidates/core10-rtx3080-20260720T092500Z/026/correctness-baseline-normalized-official.log","171","91db8d512dfbc7bfc090910b16146879558ca89e27b9d4e259d201a051189260"
"candidate","out/portfolio/candidates/core10-rtx3080-20260720T092500Z/026/correctness-baseline-original-official.log","169","1bd428846be0dbe7ac85957b9596530fea9cabb0c15ef3b26ad1b020efb4e3d4"
"candidate","out/portfolio/candidates/core10-rtx3080-20260720T092500Z/026/correctness-pack8_gelu-normalized-official.log","173","7e9bad60882b04bf01b7fad38319ea5c9540be4cf9e268d498b90d3849c23b9f"
"candidate","out/portfolio/candidates/core10-rtx3080-20260720T092500Z/026/correctness-pack8_gelu-original-official.log","171","e3116385cb686e2c5249c5b304437f2ac7661ff73b3208da683f2150f4c03fc0"
"candidate","out/portfolio/candidates/core10-rtx3080-20260720T092500Z/026/measurements.jsonl","18591","7d5c74543ffc548f32dc57ff30b848add008ed1a75feb8c5481f678979934829"
"candidate","out/portfolio/candidates/core10-rtx3080-20260720T092500Z/026/round-0-session-0-0-baseline.log","1602","f8cbb0b3c007fe42baf1038ab609450259de7d294d5615d8ce64fa96bb5e4be5"
"candidate","out/portfolio/candidates/core10-rtx3080-20260720T092500Z/026/round-0-session-0-1-pack8_gelu.log","1606","4b0a6ef6fab6d5ea85daf674b0b3ab50f164bfa8683e7a3aa633a3343f9b016f"
"candidate","out/portfolio/candidates/core10-rtx3080-20260720T092500Z/026/round-0-session-1-0-pack8_gelu.log","1603","8c513e9e52f6e08003e68de37727556ff12b0550ed8b0bb321e2f5df38359c38"
"candidate","out/portfolio/candidates/core10-rtx3080-20260720T092500Z/026/round-0-session-1-1-baseline.log","1611","372943fdde2e74e45c629b8e836564859d6164506ca33f09fe44d79861348999"
"candidate","out/portfolio/candidates/core10-rtx3080-20260720T092500Z/026/round-0-session-2-0-baseline.log","1606","397dbb9288c62d0d5dc73bd47d29160204ff6da3de327d1f32f9363381ba0a4f"
"candidate","out/portfolio/candidates/core10-rtx3080-20260720T092500Z/026/round-0-session-2-1-pack8_gelu.log","1598","17ac36c73e765e5e2ec73f94303e07e35a4f4061abf2255eb533b46cbac1ed67"
"candidate","out/portfolio/candidates/core10-rtx3080-20260720T092500Z/026/run_manifest.json","4381","8257733116ee1751162826c88aa8037ef8f359bc10ca991ebff620add4b72800"
"candidate","out/portfolio/candidates/core10-rtx3080-20260720T092500Z/026/summary.json","4553","7fa43eba2864d225991c4a0a7b674ac9ffa48a647f1605b1dcecf9d391afeef9"
"candidate","out/portfolio/candidates/core10-rtx3080-20260720T092500Z/036/build/baseline/benchmark/cmake-build.log","353","fda8a9d510201a0de44344c2b5d5e88556291fa8a7793eb933127311af319353"
"candidate","out/portfolio/candidates/core10-rtx3080-20260720T092500Z/036/build/baseline/benchmark/cmake-configure.log","1555","e10e349d683cdc312bce125b96fab07858d54fe4228e60ab02c1aea1d465ab3a"
"candidate","out/portfolio/candidates/core10-rtx3080-20260720T092500Z/036/build/baseline/normalized-correctness-extra-0-edge_driver/cmake-build.log","386","c7fc12233d1400fe65eef1173020d6ee3a750505fe7009249d5f09ccd0f7ccf7"
"candidate","out/portfolio/candidates/core10-rtx3080-20260720T092500Z/036/build/baseline/normalized-correctness-extra-0-edge_driver/cmake-configure.log","1654","bc332f2d21964957bfc8535331a82878186f85509aeec99fefa0c3c6c3e97b93"
"candidate","out/portfolio/candidates/core10-rtx3080-20260720T092500Z/036/build/baseline/normalized-correctness-official/cmake-build.log","375","41953721f9853b81bb50f4258ba8894cd68714f70384ddc678cc39cc392f54a9"
"candidate","out/portfolio/candidates/core10-rtx3080-20260720T092500Z/036/build/baseline/normalized-correctness-official/cmake-configure.log","1621","35f8f19102eb9a9929a535a161fcd24352504806fddd66e373e4fba37462ce0e"
"candidate","out/portfolio/candidates/core10-rtx3080-20260720T092500Z/036/build/baseline/original-correctness-extra-0-edge_driver/cmake-build.log","384","dd9ca6c471f5a254758a456e8b4efcfd581e91d03a9060007cf9915eff972028"
"candidate","out/portfolio/candidates/core10-rtx3080-20260720T092500Z/036/build/baseline/original-correctness-extra-0-edge_driver/cmake-configure.log","1648","6fc5e5511fb456970c4d7a6e5e4355e2636aaa72181f1fccc0074c448980a2a6"
"candidate","out/portfolio/candidates/core10-rtx3080-20260720T092500Z/036/build/baseline/original-correctness-official/cmake-build.log","373","3bde43a051caed642cea300f3977f0d531b9b4f77c4813576301dde5dee94ff3"
"candidate","out/portfolio/candidates/core10-rtx3080-20260720T092500Z/036/build/baseline/original-correctness-official/cmake-configure.log","1615","9775639c2ad51ead54dc2472bd1cf72f643d3524e872e828c36f277043493948"
"candidate","out/portfolio/candidates/core10-rtx3080-20260720T092500Z/036/build/rmsnorm_v3c/benchmark/cmake-build.log","356","038ee586292c53f0c802c8fedb5da2e8f2ff695bdc6fc09481cec7c07242c98c"
"candidate","out/portfolio/candidates/core10-rtx3080-20260720T092500Z/036/build/rmsnorm_v3c/benchmark/cmake-configure.log","1564","663552dbca8624e17b337019861460f4ccf4f1dc1d1f3ef4f1667bcc57ccd9a5"
"candidate","out/portfolio/candidates/core10-rtx3080-20260720T092500Z/036/build/rmsnorm_v3c/normalized-correctness-extra-0-edge_driver/cmake-build.log","389","8e6233cf1c553d8662a4ede1893cf998db89404df10341acc93077be0b025840"
"candidate","out/portfolio/candidates/core10-rtx3080-20260720T092500Z/036/build/rmsnorm_v3c/normalized-correctness-extra-0-edge_driver/cmake-configure.log","1663","0bf5f5e545eb39166b1011b8fe53357eb34d95ed4e70af43188f36a6e1418fa0"
"candidate","out/portfolio/candidates/core10-rtx3080-20260720T092500Z/036/build/rmsnorm_v3c/normalized-correctness-official/cmake-build.log","378","06b822e9a91637107ced569feabf7537d001de06694bbc5c761c341ab5f2fd37"
"candidate","out/portfolio/candidates/core10-rtx3080-20260720T092500Z/036/build/rmsnorm_v3c/normalized-correctness-official/cmake-configure.log","1630","9a4260ee2418eadc9948d3a0a20ff2035ac41f0179ec7f018a10b58baf02c7d7"
"candidate","out/portfolio/candidates/core10-rtx3080-20260720T092500Z/036/build/rmsnorm_v3c/original-correctness-extra-0-edge_driver/cmake-build.log","387","968cee3e99986679a9de63a34bcd5b369b0afe9b10f3781795fd64ec53736afe"
"candidate","out/portfolio/candidates/core10-rtx3080-20260720T092500Z/036/build/rmsnorm_v3c/original-correctness-extra-0-edge_driver/cmake-configure.log","1657","1916bcdc99d586cc03e8ea34e91d84e9db44364f637244aacbb5202e05319c04"
"candidate","out/portfolio/candidates/core10-rtx3080-20260720T092500Z/036/build/rmsnorm_v3c/original-correctness-official/cmake-build.log","376","2fcbcbc0f13cc3b06a6d7d3f4fe91204cd486e036afec5d4900349e563e98fc6"
"candidate","out/portfolio/candidates/core10-rtx3080-20260720T092500Z/036/build/rmsnorm_v3c/original-correctness-official/cmake-configure.log","1624","d16a61603be3fafd6ec79dcfaae232cfb83b9974b95a36d25de7f97c7f1fcaa8"
"candidate","out/portfolio/candidates/core10-rtx3080-20260720T092500Z/036/comparison.csv","468","3a858a7104c2d838101d8ff851dc5fe3c8c0d72536267d06c2f28cfb2be67bf9"
"candidate","out/portfolio/candidates/core10-rtx3080-20260720T092500Z/036/correctness-baseline-normalized-extra-0-edge_driver.log","182","712674f66c821c1c723a52bfc7d3bb4edcff44bd01cb73c50cd46ba0ed85771f"
"candidate","out/portfolio/candidates/core10-rtx3080-20260720T092500Z/036/correctness-baseline-normalized-official.log","171","d5d593578f9f7b4a3f28a785a0bb8166f6597d22ba77892d7dbb197acf6b078b"
"candidate","out/portfolio/candidates/core10-rtx3080-20260720T092500Z/036/correctness-baseline-original-extra-0-edge_driver.log","180","036d227763324b5e948fd36ef5537d1404e92596cfdd724149d0544677bba12b"
"candidate","out/portfolio/candidates/core10-rtx3080-20260720T092500Z/036/correctness-baseline-original-official.log","169","2c99685c6fa358e4ae8d3b91331fabc4d54ab3ddec6019b84d8d324a16cbbb7d"
"candidate","out/portfolio/candidates/core10-rtx3080-20260720T092500Z/036/correctness-rmsnorm_v3c-normalized-extra-0-edge_driver.log","185","d989e33bb66473d3f266fbfd2516c27493beda2ed0df7fa67853a0a7cb1c85d2"
"candidate","out/portfolio/candidates/core10-rtx3080-20260720T092500Z/036/correctness-rmsnorm_v3c-normalized-official.log","174","ed2b12af1ff3f368f1142228faf87b35a3a73ac9ee2df34af5e515a6651777c8"
"candidate","out/portfolio/candidates/core10-rtx3080-20260720T092500Z/036/correctness-rmsnorm_v3c-original-extra-0-edge_driver.log","183","0c62376ca4899b32d5e9df41131bbbed13761732f9bba366acacd6b95f8e5875"
"candidate","out/portfolio/candidates/core10-rtx3080-20260720T092500Z/036/correctness-rmsnorm_v3c-original-official.log","172","d1e90f92b8b6c49af1c3184b008d30c00590774d8d363d5326e4cbae0a2683b3"
"candidate","out/portfolio/candidates/core10-rtx3080-20260720T092500Z/036/measurements.jsonl","18586","c4329de39f7bce9dea6ad426a3c4f10fcbb65c361c27e9c760adb02d019c9d25"
"candidate","out/portfolio/candidates/core10-rtx3080-20260720T092500Z/036/round-0-session-0-0-baseline.log","1600","4e9e2dd78c18ff54e7b6c163261b4b69d7f62e7c49b8f765a0338f994976b624"
"candidate","out/portfolio/candidates/core10-rtx3080-20260720T092500Z/036/round-0-session-0-1-rmsnorm_v3c.log","1607","97847a51616502c659ce0afe6bb423990e1be22d9f0df34627f9256adfa9b46c"
"candidate","out/portfolio/candidates/core10-rtx3080-20260720T092500Z/036/round-0-session-1-0-rmsnorm_v3c.log","1606","7e963a76be4859cbcbfd6b3c76a42e4817efc26db34664d32e23f7d4d3ff7831"
"candidate","out/portfolio/candidates/core10-rtx3080-20260720T092500Z/036/round-0-session-1-1-baseline.log","1598","29ab21d39b80db6996333c44a4edea6be07ca8904784bad357d870a9fc9ccf95"
"candidate","out/portfolio/candidates/core10-rtx3080-20260720T092500Z/036/round-0-session-2-0-baseline.log","1599","87a92f8832b90554e8e7fe736467e5df1cc0779fbf94bc6543db37b6690c9576"
"candidate","out/portfolio/candidates/core10-rtx3080-20260720T092500Z/036/round-0-session-2-1-rmsnorm_v3c.log","1601","84fbe7dba0e418556fa1c577969df479777d382d4cc3a937b6971b92fdbe2048"
"candidate","out/portfolio/candidates/core10-rtx3080-20260720T092500Z/036/run_manifest.json","5188","d442b8fb45d2c1df3e9c5a61649d469991b939336f79c7dc2353a4fe534c0c38"
"candidate","out/portfolio/candidates/core10-rtx3080-20260720T092500Z/036/summary.json","4590","597ce3c0bf75b29a4c775531ee2dce014da9ff7ceb8518f8e75cee16bb452869"
"candidate","out/portfolio/candidates/core10-rtx3080-20260720T092500Z/040/build/baseline/benchmark/cmake-build.log","353","6bad0d5cd4ed1954df08172e14aa40293f7ea8f95dbe01d5ca887107afa008c8"
"candidate","out/portfolio/candidates/core10-rtx3080-20260720T092500Z/040/build/baseline/benchmark/cmake-configure.log","1555","1f44315f72a14af2918d1927094e9f85b8ec48daad452d4dc956f7587aa05353"
"candidate","out/portfolio/candidates/core10-rtx3080-20260720T092500Z/040/build/baseline/normalized-correctness-official/cmake-build.log","375","d87e092444bf483b06e7a57c6498d7299e87eee206f9365f1ce38b58930f3510"
"candidate","out/portfolio/candidates/core10-rtx3080-20260720T092500Z/040/build/baseline/normalized-correctness-official/cmake-configure.log","1621","3646fde8ad1ff51712918300db6902816017bd9e2cbbc955410c53c2d795e461"
"candidate","out/portfolio/candidates/core10-rtx3080-20260720T092500Z/040/build/baseline/original-correctness-official/cmake-build.log","373","e2f01cf2efc1af83122f6cfb0b79999de29ea625624adefed6a4c4db7280edfe"
"candidate","out/portfolio/candidates/core10-rtx3080-20260720T092500Z/040/build/baseline/original-correctness-official/cmake-configure.log","1615","dd4d253390d922657f3fb893fc8621047a14240d55d7aa3fba9883623d15fbac"
"candidate","out/portfolio/candidates/core10-rtx3080-20260720T092500Z/040/build/multiblock_layernorm/benchmark/cmake-build.log","365","a4e8c0c0be859c63305c1e57f0d24e6ddfe6daa0f2701ace24a0bd600d270a24"
"candidate","out/portfolio/candidates/core10-rtx3080-20260720T092500Z/040/build/multiblock_layernorm/benchmark/cmake-configure.log","1591","8407222a7416cf206de0136bbb15b433d422ef98da485fd9604e31368ebbba79"
"candidate","out/portfolio/candidates/core10-rtx3080-20260720T092500Z/040/build/multiblock_layernorm/normalized-correctness-official/cmake-build.log","387","fa228feee52f2514867dc31673189dbadb4661018e8de24bcbb37719595a0c26"
"candidate","out/portfolio/candidates/core10-rtx3080-20260720T092500Z/040/build/multiblock_layernorm/normalized-correctness-official/cmake-configure.log","1657","563be0903ba9defc46487b0f7c0b90b006c81e4cbbdf4267e535e56024fcf7f5"
"candidate","out/portfolio/candidates/core10-rtx3080-20260720T092500Z/040/build/multiblock_layernorm/original-correctness-official/cmake-build.log","385","33661b12add3a273f56f177705176d4daa524d454380a52ce7e788630be5eb2b"
"candidate","out/portfolio/candidates/core10-rtx3080-20260720T092500Z/040/build/multiblock_layernorm/original-correctness-official/cmake-configure.log","1651","ae1ce44941c7304a3b30e0c47bea771a3c3f2cd8a0aeef6f9dfe5493501267f7"
"candidate","out/portfolio/candidates/core10-rtx3080-20260720T092500Z/040/comparison.csv","484","ee3603e0f640d30f9608d1d42100cb3eb601effaa3dfee5107607f1f5ef37f5f"
"candidate","out/portfolio/candidates/core10-rtx3080-20260720T092500Z/040/correctness-baseline-normalized-official.log","171","77d2b3377df35a04556665f783a15c17bbdb2a860e0fa7d15c67fa8697790890"
"candidate","out/portfolio/candidates/core10-rtx3080-20260720T092500Z/040/correctness-baseline-original-official.log","169","559d4932993e63ffd37da130b5ce9b8de798e65983aaac14b19ae3df89def279"
"candidate","out/portfolio/candidates/core10-rtx3080-20260720T092500Z/040/correctness-multiblock_layernorm-normalized-official.log","183","c28cca73ffb536edee9bf360964605a461f932fc077787e358729cfe8d1a2979"
"candidate","out/portfolio/candidates/core10-rtx3080-20260720T092500Z/040/correctness-multiblock_layernorm-original-official.log","181","2fb134d6b034b11fc7edf7b0e91c708caf33a93f0e595e4011515f06604c298d"
"candidate","out/portfolio/candidates/core10-rtx3080-20260720T092500Z/040/measurements.jsonl","18629","0384fef85643d73b1393afb4d7b61b1a81d5a98817d8b377bb6aaecbc7c3fcba"
"candidate","out/portfolio/candidates/core10-rtx3080-20260720T092500Z/040/round-0-session-0-0-baseline.log","1595","39b4ca40db9b8cf6a57ef92a3ef2508bbfb6bea21defebad987108eb2de2a1e4"
"candidate","out/portfolio/candidates/core10-rtx3080-20260720T092500Z/040/round-0-session-0-1-multiblock_layernorm.log","1606","6c4b35bdc313d05f9f56202576624832159d827795e27c8285adae986ea755a5"
"candidate","out/portfolio/candidates/core10-rtx3080-20260720T092500Z/040/round-0-session-1-0-multiblock_layernorm.log","1613","7f25ad60965081cd78917ad7e1fab9bfadfe4710f8c66a853c163af86de16918"
"candidate","out/portfolio/candidates/core10-rtx3080-20260720T092500Z/040/round-0-session-1-1-baseline.log","1600","b4c9d454b36bdcdd6a3d7a7767fd83eacff6569b5d6c9c65ec21a84463835a5c"
"candidate","out/portfolio/candidates/core10-rtx3080-20260720T092500Z/040/round-0-session-2-0-baseline.log","1601","d1c555dfa25000b990e28da769d7f172ecabeaa850cfd7d63c6acf47a2cdeb06"
"candidate","out/portfolio/candidates/core10-rtx3080-20260720T092500Z/040/round-0-session-2-1-multiblock_layernorm.log","1613","ed3d6819a51de6776749cdf105be1cd668ad199f62de6e6b8bdd4c41bf999fdd"
"candidate","out/portfolio/candidates/core10-rtx3080-20260720T092500Z/040/run_manifest.json","4401","a00a3fb50cfe85d1137e67afa4ca558cc04406a18c43bf2faf238c2966f70284"
"candidate","out/portfolio/candidates/core10-rtx3080-20260720T092500Z/040/summary.json","4646","b7c8cdac7806fcf3e5c7c4c863dedf88d357a00aa9c462344c8fdfb1d14a8a87"
"candidate","out/portfolio/candidates/core10-rtx3080-20260720T092500Z/047/build/baseline/benchmark/cmake-build.log","353","d5f833d023a1a3372319940d7c076bdd11b988a204bb0d29f06c273427fdca4c"
"candidate","out/portfolio/candidates/core10-rtx3080-20260720T092500Z/047/build/baseline/benchmark/cmake-configure.log","1555","e756f860792e2dca22238dc55dec77c302aa7d9f9bd2f6636cca21fac3edee2f"
"candidate","out/portfolio/candidates/core10-rtx3080-20260720T092500Z/047/build/baseline/normalized-correctness-official/cmake-build.log","375","a5129aaed62f4978ccf3fd64591d54eacdea2bc1d83e17025707ea3d25dd98b8"
"candidate","out/portfolio/candidates/core10-rtx3080-20260720T092500Z/047/build/baseline/normalized-correctness-official/cmake-configure.log","1621","4d0158d58b7860fd61911047426585a2537b0fe48e7cb75b87aa6d9892ac0d1a"
"candidate","out/portfolio/candidates/core10-rtx3080-20260720T092500Z/047/build/baseline/original-correctness-official/cmake-build.log","373","0a49887c2a59534d0a468325b251f96181d6baea46d3c928e2739a08d363e42e"
"candidate","out/portfolio/candidates/core10-rtx3080-20260720T092500Z/047/build/baseline/original-correctness-official/cmake-configure.log","1615","89169629888cbc18030b2e57995be13384e1886b8f055565e6f6b141cd02fae9"
"candidate","out/portfolio/candidates/core10-rtx3080-20260720T092500Z/047/build/spatial_half2_sum/benchmark/cmake-build.log","362","24f7ab02f17838ee2db4062b6b3ff9cdaf4a478b2bc9662eb8604046d397ddbc"
"candidate","out/portfolio/candidates/core10-rtx3080-20260720T092500Z/047/build/spatial_half2_sum/benchmark/cmake-configure.log","1582","2039372668e7f6e4761cfc1c5435fc11c6b860ada43eb789177cbfe6fd05e284"
"candidate","out/portfolio/candidates/core10-rtx3080-20260720T092500Z/047/build/spatial_half2_sum/normalized-correctness-official/cmake-build.log","384","5cbd09198e19bea6258620569ddc061646f79f559ef6aff1fca709e5ed709193"
"candidate","out/portfolio/candidates/core10-rtx3080-20260720T092500Z/047/build/spatial_half2_sum/normalized-correctness-official/cmake-configure.log","1648","5b162aab2182b143472cdafded7a8f2e0f40e1e33a9b82470fec2b433ce815db"
"candidate","out/portfolio/candidates/core10-rtx3080-20260720T092500Z/047/build/spatial_half2_sum/original-correctness-official/cmake-build.log","382","93a73cf93859ed0676a9b7b494f94204bb27f5d91a239c435052946175511e62"
"candidate","out/portfolio/candidates/core10-rtx3080-20260720T092500Z/047/build/spatial_half2_sum/original-correctness-official/cmake-configure.log","1642","a1c50211ae5f62796013184a03b6491feb59a4e344263e2d2e7755e758c03fbf"
"candidate","out/portfolio/candidates/core10-rtx3080-20260720T092500Z/047/comparison.csv","483","c7a856ff538c9b17f1d1f3d203b634eef595230e021691162a98667f9635742d"
"candidate","out/portfolio/candidates/core10-rtx3080-20260720T092500Z/047/correctness-baseline-normalized-official.log","171","6352fce4bbe689bbfd7446628361a1ae710bfacab61184b53423658224b86c89"
"candidate","out/portfolio/candidates/core10-rtx3080-20260720T092500Z/047/correctness-baseline-original-official.log","169","f25a175d2025d1b26d896e767faa044b964f5e6ab6b7f819c159c1f86632bcf8"
"candidate","out/portfolio/candidates/core10-rtx3080-20260720T092500Z/047/correctness-spatial_half2_sum-normalized-official.log","180","6b55e339b2a1540e3048fabc734e50e444971b7e7ceee8528f6825e9b50b3e18"
"candidate","out/portfolio/candidates/core10-rtx3080-20260720T092500Z/047/correctness-spatial_half2_sum-original-official.log","178","644527bd3df5fba58533d2a058aa8b1ec6c483c4a072d093576bb07305406754"
"candidate","out/portfolio/candidates/core10-rtx3080-20260720T092500Z/047/measurements.jsonl","37314","41cebd869ab7fa7c0402007ab6347f8cd16322361e44cdebaf61eaea6053e5b3"
"candidate","out/portfolio/candidates/core10-rtx3080-20260720T092500Z/047/round-0-session-0-0-baseline.log","1600","604300bc5b2ce6e8e963cc33db20d2ee2f2d3226016cdea18c25cb040dfc1c03"
"candidate","out/portfolio/candidates/core10-rtx3080-20260720T092500Z/047/round-0-session-0-1-spatial_half2_sum.log","1613","487ddc8d86d55457f94431f9e3ce9f2297e6ddc3e4955e1eab758c16dfc81284"
"candidate","out/portfolio/candidates/core10-rtx3080-20260720T092500Z/047/round-0-session-1-0-spatial_half2_sum.log","1615","5196bab284bdd412ded57ca384eafcc32850a2afde46f0161efb69e6876eaa83"
"candidate","out/portfolio/candidates/core10-rtx3080-20260720T092500Z/047/round-0-session-1-1-baseline.log","1603","01beec417b7fefd4ca550fa2c4f0bdf6c927128a358235ad1bc34f8bea02cdf7"
"candidate","out/portfolio/candidates/core10-rtx3080-20260720T092500Z/047/round-0-session-2-0-baseline.log","1604","4214ff98ea48142a62220c2a146c51ad72cdf2f13517c970dc937baea05b98dd"
"candidate","out/portfolio/candidates/core10-rtx3080-20260720T092500Z/047/round-0-session-2-1-spatial_half2_sum.log","1607","52bc19ab09c30e109ed187c3863d589658c666cb3b2514ca33207e4649133d4d"
"candidate","out/portfolio/candidates/core10-rtx3080-20260720T092500Z/047/round-1-session-0-0-baseline.log","1602","d40b38e09d09e22185153b4ab60b1675d4bdc10b725407d59cd69f9fd31462b0"
"candidate","out/portfolio/candidates/core10-rtx3080-20260720T092500Z/047/round-1-session-0-1-spatial_half2_sum.log","1605","c9862b8cdd53a86049260b80fe0eb6577fc596f2e544adf0d8b303f696e91225"
"candidate","out/portfolio/candidates/core10-rtx3080-20260720T092500Z/047/round-1-session-1-0-spatial_half2_sum.log","1605","04f2a6959af7f526c7e339f1b50e671283b9e178bb127eeb2c2d557c3e4c0aaa"
"candidate","out/portfolio/candidates/core10-rtx3080-20260720T092500Z/047/round-1-session-1-1-baseline.log","1601","4eab1253239548fbfe7b51d9afa6b620224cd856b2558b8a473b1f737a2d26f0"
"candidate","out/portfolio/candidates/core10-rtx3080-20260720T092500Z/047/round-1-session-2-0-baseline.log","1607","d38c6e11f7a39aa3e065b0cb21c27310ee27ed89ecf670298950bfbbfb1a3f57"
"candidate","out/portfolio/candidates/core10-rtx3080-20260720T092500Z/047/round-1-session-2-1-spatial_half2_sum.log","1607","50d88f1c4128ee0e3cc1aef30868d2644bb529acacbbec940a286c8932e1d069"
"candidate","out/portfolio/candidates/core10-rtx3080-20260720T092500Z/047/run_manifest.json","4411","740d5e93f42062261267a3aae503a074fe8ea6cd28429a07d06e847ac66c8a9f"
"candidate","out/portfolio/candidates/core10-rtx3080-20260720T092500Z/047/summary.json","6552","9030a6723907a5012958a6ebd9f7078a6c47d7f2784a4006386b24d7cca3fe73"
"candidate","out/portfolio/candidates/core10-rtx3080-20260720T092500Z/088/build/baseline/benchmark/cmake-build.log","353","e83c0a547bdc23f57b1156583a7b859c56c2fd13afb2e4e0cce6cf8455d70a5e"
"candidate","out/portfolio/candidates/core10-rtx3080-20260720T092500Z/088/build/baseline/benchmark/cmake-configure.log","1555","a7b7ed5cec20ed33b8c3250f8376e311ad0d730a57e9d661fffcae8bad910ef3"
"candidate","out/portfolio/candidates/core10-rtx3080-20260720T092500Z/088/build/baseline/normalized-correctness-official/cmake-build.log","375","af60bd09cab546efdc1b10a963b17dba323a09bdb96070cd2ab5d6468685ffcb"
"candidate","out/portfolio/candidates/core10-rtx3080-20260720T092500Z/088/build/baseline/normalized-correctness-official/cmake-configure.log","1621","02eb7a8403c8f6ffb89d9766c434f99a60779c496e7bfe6953e8b2f9c267f102"
"candidate","out/portfolio/candidates/core10-rtx3080-20260720T092500Z/088/build/baseline/original-correctness-official/cmake-build.log","373","118dcdb819366566e65aef6f7689d0d2a51cfc6e26bd1af8639f634d4deee867"
"candidate","out/portfolio/candidates/core10-rtx3080-20260720T092500Z/088/build/baseline/original-correctness-official/cmake-configure.log","1615","caf832e085988edf6b084936fb088a5fe2133587b2167b7d8073fb158b5ebd14"
"candidate","out/portfolio/candidates/core10-rtx3080-20260720T092500Z/088/build/pack8_mingpt_gelu/benchmark/cmake-build.log","362","1fe3f6e0420372b058c80958a203a4480cf80190a421c261f328b39ebbe91c3c"
"candidate","out/portfolio/candidates/core10-rtx3080-20260720T092500Z/088/build/pack8_mingpt_gelu/benchmark/cmake-configure.log","1582","bf673c9cb3c096a7924fab632cf796d6ef5628d918ec9d2dd74a840a6a2b3e70"
"candidate","out/portfolio/candidates/core10-rtx3080-20260720T092500Z/088/build/pack8_mingpt_gelu/normalized-correctness-official/cmake-build.log","384","58877ef63a85561bd4cc4d3a84c30418b46e1d1a99b7103f8ed73b55f7afc4b6"
"candidate","out/portfolio/candidates/core10-rtx3080-20260720T092500Z/088/build/pack8_mingpt_gelu/normalized-correctness-official/cmake-configure.log","1648","adcb6f668267823c181d0f7e1acdf563253d8a74cf4d0e7994e44c991d096dab"
"candidate","out/portfolio/candidates/core10-rtx3080-20260720T092500Z/088/build/pack8_mingpt_gelu/original-correctness-official/cmake-build.log","382","6b8c3c7ff4334e6210a309d4948075522c0d112f60c74a60053c3b45bd0adf6f"
"candidate","out/portfolio/candidates/core10-rtx3080-20260720T092500Z/088/build/pack8_mingpt_gelu/original-correctness-official/cmake-configure.log","1642","7925151e9c025d6650fedd26801d09c99692822640c9598ecf29a291b63be9e6"
"candidate","out/portfolio/candidates/core10-rtx3080-20260720T092500Z/088/comparison.csv","479","f635c87ebc39296ef5893d7f9097e04bb33a7d9c78cb62254645b2ed0737cb4c"
"candidate","out/portfolio/candidates/core10-rtx3080-20260720T092500Z/088/correctness-baseline-normalized-official.log","171","0c1ff11dd3a05f08c9ff230686c307187a0295746229b996bad3af5292d142ea"
"candidate","out/portfolio/candidates/core10-rtx3080-20260720T092500Z/088/correctness-baseline-original-official.log","169","78e64121925b7385a2538fdf3d65a9d11b54ce9bd45b6be067a4f311f1774367"
"candidate","out/portfolio/candidates/core10-rtx3080-20260720T092500Z/088/correctness-pack8_mingpt_gelu-normalized-official.log","180","fc9c85f072208063b36a93b272fe5265d168c2ffeae005efe7f6518a6fd363d6"
"candidate","out/portfolio/candidates/core10-rtx3080-20260720T092500Z/088/correctness-pack8_mingpt_gelu-original-official.log","178","a009bab381b7687e1da264995fbb40fa79bb76158c0a8ad859dca42e9f1f1228"
"candidate","out/portfolio/candidates/core10-rtx3080-20260720T092500Z/088/measurements.jsonl","18635","6f673ba9a0032b3e9b5b03b17577db0f56911976ef79147b7b0685e3742bc7f3"
"candidate","out/portfolio/candidates/core10-rtx3080-20260720T092500Z/088/round-0-session-0-0-baseline.log","1603","2c2927a6a72c4eb054af3d9d863537a4e3177ce80b545130bcf300fcfc53fbf0"
"candidate","out/portfolio/candidates/core10-rtx3080-20260720T092500Z/088/round-0-session-0-1-pack8_mingpt_gelu.log","1610","dd138eb389505e7e4a8a60d4b2192349b63e4cd917310420b67ae4eafb1cdac8"
"candidate","out/portfolio/candidates/core10-rtx3080-20260720T092500Z/088/round-0-session-1-0-pack8_mingpt_gelu.log","1609","12859206a1a35ce64a3bd2a875270cea5ebdf7033198625e9a3c16af57e8e184"
"candidate","out/portfolio/candidates/core10-rtx3080-20260720T092500Z/088/round-0-session-1-1-baseline.log","1598","43e9e6a16f803662b8e651fb2869a62195661ca8c635a7d837074cbf17427d17"
"candidate","out/portfolio/candidates/core10-rtx3080-20260720T092500Z/088/round-0-session-2-0-baseline.log","1597","3905074471fb33c3f3ba4f34e25ebb430fed295373c37c98026ea7110720a95d"
"candidate","out/portfolio/candidates/core10-rtx3080-20260720T092500Z/088/round-0-session-2-1-pack8_mingpt_gelu.log","1610","aa5a64534b78ad28161a34cd4e8302a8cd1b89080df52cb82a487c24f3140c24"
"candidate","out/portfolio/candidates/core10-rtx3080-20260720T092500Z/088/run_manifest.json","4402","5ee7f675bdd528cb4def46ca7f466a8011ae0824a022e34ea865f1d32ba786ff"
"candidate","out/portfolio/candidates/core10-rtx3080-20260720T092500Z/088/summary.json","4595","b735c7ee4170831b0fb53988a4b78a0a333c0521d565883e21b94ed850a340a6"
"candidate","out/portfolio/candidates/core10-rtx3080-20260720T092500Z/095/build/baseline/benchmark/cmake-build.log","353","a198b0fee1316218379655eadaa9b643b930a51afe203182ef0eb89160361638"
"candidate","out/portfolio/candidates/core10-rtx3080-20260720T092500Z/095/build/baseline/benchmark/cmake-configure.log","1555","d317dd6325d77c29d7df6acd39c2f39f4f365f7a3ea5df3f60dd1e414b0be8ed"
"candidate","out/portfolio/candidates/core10-rtx3080-20260720T092500Z/095/build/baseline/normalized-correctness-official/cmake-build.log","375","403c129b0bce52f4fae2fa8b67a7f66b0e13933fe94bc72cc0456b847ff9c826"
"candidate","out/portfolio/candidates/core10-rtx3080-20260720T092500Z/095/build/baseline/normalized-correctness-official/cmake-configure.log","1621","41ac4ed7a159eae5c92bd492498a0ccc6e2b59db3681f1aa558fa8d067bbc5b6"
"candidate","out/portfolio/candidates/core10-rtx3080-20260720T092500Z/095/build/baseline/original-correctness-official/cmake-build.log","373","d50e7fee9b6b3b60493b3636c3456db4a02f4eeb65a5df8718e2395c949849cb"
"candidate","out/portfolio/candidates/core10-rtx3080-20260720T092500Z/095/build/baseline/original-correctness-official/cmake-configure.log","1615","5762f8301ccb6a98eacf43f4fe68d07377703049c8d8fab77043be1012864903"
"candidate","out/portfolio/candidates/core10-rtx3080-20260720T092500Z/095/build/warp_cross_entropy/benchmark/cmake-build.log","363","59c382537e43d1756c2d8aeef4d752245a60dbee0500530e01ab3ff07d17bb54"
"candidate","out/portfolio/candidates/core10-rtx3080-20260720T092500Z/095/build/warp_cross_entropy/benchmark/cmake-configure.log","1585","649870fc532d5ccd54e9c95b2f7c22a318b1bcaaeed10a509ebaeb885afdd7ad"
"candidate","out/portfolio/candidates/core10-rtx3080-20260720T092500Z/095/build/warp_cross_entropy/normalized-correctness-official/cmake-build.log","385","8b722b39bb8a750ab159572979e21ea499fc68fff29d9e4dc0f41d3737196e40"
"candidate","out/portfolio/candidates/core10-rtx3080-20260720T092500Z/095/build/warp_cross_entropy/normalized-correctness-official/cmake-configure.log","1651","492e4415bfbb915fe18af8e2c38b4699de642e3e0f86844313cad9cc7d7371a5"
"candidate","out/portfolio/candidates/core10-rtx3080-20260720T092500Z/095/build/warp_cross_entropy/original-correctness-official/cmake-build.log","383","734a333e5b989744090e739a30db8b49e2ce9874a436904958922505aa55df1c"
"candidate","out/portfolio/candidates/core10-rtx3080-20260720T092500Z/095/build/warp_cross_entropy/original-correctness-official/cmake-configure.log","1645","408f17fdf077f54aee4ef817a271825d6d8f371a2252edd28919ae73b3f9b822"
"candidate","out/portfolio/candidates/core10-rtx3080-20260720T092500Z/095/comparison.csv","477","da89d409ffb373fe0cb61c270d30a4860be7144386b1a99dc57925125a96b0db"
"candidate","out/portfolio/candidates/core10-rtx3080-20260720T092500Z/095/correctness-baseline-normalized-official.log","171","10697d70f8d2e296304e7012de797388e18401166c6918dedd6f4685a9b5f07a"
"candidate","out/portfolio/candidates/core10-rtx3080-20260720T092500Z/095/correctness-baseline-original-official.log","169","143cd0a54fc6aaa891c470f0005e876227b3e0217908de8db9ca3e9e01456f34"
"candidate","out/portfolio/candidates/core10-rtx3080-20260720T092500Z/095/correctness-warp_cross_entropy-normalized-official.log","181","1edca14236ab3e9873f3c37f6069ae2e27d2705b05a3ac951cd227311cdd99c4"
"candidate","out/portfolio/candidates/core10-rtx3080-20260720T092500Z/095/correctness-warp_cross_entropy-original-official.log","179","1b7f487e417ca5515003410b3a72aa0bda43f44ab90abe7d7eeb6f6da968fd98"
"candidate","out/portfolio/candidates/core10-rtx3080-20260720T092500Z/095/measurements.jsonl","37368","246c21c8d841318c6f9d23f187c604391816eb8d51ae56206334e21f95f5641e"
"candidate","out/portfolio/candidates/core10-rtx3080-20260720T092500Z/095/round-0-session-0-0-baseline.log","1595","3bba1c11347ec40b25a1c7dca9bf96b5384d11f246a7ffb6d91915e3af0725c0"
"candidate","out/portfolio/candidates/core10-rtx3080-20260720T092500Z/095/round-0-session-0-1-warp_cross_entropy.log","1614","46c810e3d21d53bdf035be6f54f744f98923473b09be5977ebf6a56ddc45f62c"
"candidate","out/portfolio/candidates/core10-rtx3080-20260720T092500Z/095/round-0-session-1-0-warp_cross_entropy.log","1617","597dbf406bf2ebd201e4724f6507f2e9ea78ae498c5a334677709cdf1b0a5c9c"
"candidate","out/portfolio/candidates/core10-rtx3080-20260720T092500Z/095/round-0-session-1-1-baseline.log","1594","d72d412344a4996b535a47f584e526ad963e83dd410fe47e481c67d55ea8c0af"
"candidate","out/portfolio/candidates/core10-rtx3080-20260720T092500Z/095/round-0-session-2-0-baseline.log","1591","2b6768cf19092c540b534ad33d4a90d046a2f25bca754605d7a7d4f0f2a45903"
"candidate","out/portfolio/candidates/core10-rtx3080-20260720T092500Z/095/round-0-session-2-1-warp_cross_entropy.log","1612","510679af919e41ab30798ac85296d91e608321f3e0b5061b25cd678c6ad2506b"
"candidate","out/portfolio/candidates/core10-rtx3080-20260720T092500Z/095/round-1-session-0-0-baseline.log","1605","0f9977464d13759db256b77b3607a60bfc22fa29a1e66d7b8be063f4b876c0c7"
"candidate","out/portfolio/candidates/core10-rtx3080-20260720T092500Z/095/round-1-session-0-1-warp_cross_entropy.log","1612","722f0cb468b0f7c60e1131aeaa2f192a07e8c32ba97323d54c5c6a5031ef1b1e"
"candidate","out/portfolio/candidates/core10-rtx3080-20260720T092500Z/095/round-1-session-1-0-warp_cross_entropy.log","1609","5623f6d66f6dc72f602ef8c38a88a1c1fd89bc5306a1cf317539cd9bdbe5dd37"
"candidate","out/portfolio/candidates/core10-rtx3080-20260720T092500Z/095/round-1-session-1-1-baseline.log","1598","5d930cfb548a758597018001fa37080f75ff014a271bec5684a2c644656616ec"
"candidate","out/portfolio/candidates/core10-rtx3080-20260720T092500Z/095/round-1-session-2-0-baseline.log","1602","b8108c2c0230790cac888fa4b9f3bb8f598c6714df27f01d1ac8c531bc9ba289"
"candidate","out/portfolio/candidates/core10-rtx3080-20260720T092500Z/095/round-1-session-2-1-warp_cross_entropy.log","1612","04cfcd160169031de947d47d58a927922ff658a9a03e0e1ccd03c5fc6438270a"
"candidate","out/portfolio/candidates/core10-rtx3080-20260720T092500Z/095/run_manifest.json","4478","227ad88e23e0e4929e07ef1c29b9d92a626a61a564fdc39f7c72428608f5b1e1"
"candidate","out/portfolio/candidates/core10-rtx3080-20260720T092500Z/095/summary.json","6556","be6cef523a4e6db19a730123fc47aa83c14e08293f3b948a5bf55cfc6f374a1a"
"candidate","out/portfolio/candidates/core10-rtx3080-20260720T092500Z/launcher-004.log","5108","8cda9cff45cc941ec3bf1477bc3c1ff974447d48bbe5802c507e454e530a441b"
"candidate","out/portfolio/candidates/core10-rtx3080-20260720T092500Z/launcher-007.log","5239","8f575316a5c1ffbadbebb645081a8dd6725501cda384116a3b09eaf12b2aa3f9"
"candidate","out/portfolio/candidates/core10-rtx3080-20260720T092500Z/launcher-019.log","7050","e193d2dc20f6d2c49feda01bece219a388569d01cf3cd689c2e2f4e6b9cf6745"
"candidate","out/portfolio/candidates/core10-rtx3080-20260720T092500Z/launcher-023.log","7041","05da7837f8d99bb6a3ae8b5cdf0d49edd519edbf2d7a0b685d95f4e02094118b"
"candidate","out/portfolio/candidates/core10-rtx3080-20260720T092500Z/launcher-026.log","5095","5c46c18849b9f5f19404fd95f47372d84e5accb9e8ffc123d26a175ed09c9a40"
"candidate","out/portfolio/candidates/core10-rtx3080-20260720T092500Z/launcher-036.log","5240","8408eef5897771362da530ee639be7779ad16780d96dbb8cd31dc68fa38fd511"
"candidate","out/portfolio/candidates/core10-rtx3080-20260720T092500Z/launcher-040.log","5213","b6a7b96da3574e57dd460cc4b1ac87bd8f3e052611f19d278517feb62bd2926c"
"candidate","out/portfolio/candidates/core10-rtx3080-20260720T092500Z/launcher-047.log","7135","3de42ee1263903d5f3ec1264d2525d80c9f06995791c9d8035ceb9f7b873d2ae"
"candidate","out/portfolio/candidates/core10-rtx3080-20260720T092500Z/launcher-088.log","5167","981dc1cb1cfa8dc0b68cce333f36e4986c0afb982c246c7f2564fe3fa7fbde87"
"candidate","out/portfolio/candidates/core10-rtx3080-20260720T092500Z/launcher-095.log","7141","b49735f7466808ce78ffdd2a46c6a9089aaf921206cbe557063517cfdee34f22"
"candidate","out/portfolio/candidates/core10-rtx3080-20260720T092500Z/suite_summary.json","6804","31a981ac05d3c16a0e13507373519130d0345343e0c6ee41a8975da686b51700"
"pytorch","out/portfolio/pytorch/core10-rtx3080-20260720T131000Z/measurements.jsonl","157760","4ac10eb85616bbcc228462d14288e97d7b00cec0e62363db98c6a15edada32fe"
"pytorch","out/portfolio/pytorch/core10-rtx3080-20260720T131000Z/pytorch_results.csv","3879","86abb8d0638a95b3676e3cbf47baf5ec4907dd38957d7e482e9f389bb646b6c2"
"pytorch","out/portfolio/pytorch/core10-rtx3080-20260720T131000Z/pytorch_summary.json","9093","b545247011ee145f8bd5e6a82f942847ff5b266ce2cb3482ad80decd8c707b57"
"pytorch","out/portfolio/pytorch/core10-rtx3080-20260720T131000Z/worker-004-0-pytorch_eager.log","3421","96af7f8da32eb9a77b0b33b02d349c8f71996d32be3723005a8920202a9a8331"
"pytorch","out/portfolio/pytorch/core10-rtx3080-20260720T131000Z/worker-004-0-pytorch_preallocated_out.log","3442","6e2bce452d28c4ca851945262df4a4038014af43b77997712d5712de37dd42b3"
"pytorch","out/portfolio/pytorch/core10-rtx3080-20260720T131000Z/worker-004-1-pytorch_eager.log","3423","addd0be3a4e334040ec490aa468e8d3686a3904b61446d048b13ec01c8b86af6"
"pytorch","out/portfolio/pytorch/core10-rtx3080-20260720T131000Z/worker-004-1-pytorch_preallocated_out.log","3450","4e9646f92bb4f086d11c853ca0cbc62fb024e6f7fb5e4830c374587dc9cdc9ed"
"pytorch","out/portfolio/pytorch/core10-rtx3080-20260720T131000Z/worker-004-2-pytorch_eager.log","3424","fba8abae361161395070f27567cfa2468f162ed78679288555756e5f52b99faf"
"pytorch","out/portfolio/pytorch/core10-rtx3080-20260720T131000Z/worker-004-2-pytorch_preallocated_out.log","3438","9e3aeab131218f05ab0198fa2e1156694e9f3de8824789dd956b5d2b270dbf75"
"pytorch","out/portfolio/pytorch/core10-rtx3080-20260720T131000Z/worker-007-0-pytorch_eager.log","3344","0c16bd888f7be348e127d749526b3ff6220b88c5e0b675e8956f6b3dd7aa60f1"
"pytorch","out/portfolio/pytorch/core10-rtx3080-20260720T131000Z/worker-007-0-pytorch_preallocated_out.log","3370","eb520d143068897730bb11b5d54f7158ea67adfa21b2f72debf4db5c5ed1c57f"
"pytorch","out/portfolio/pytorch/core10-rtx3080-20260720T131000Z/worker-007-1-pytorch_eager.log","3334","b48df4e99c3fd2a825757825d0532301f655790658a23e350f0991ade70a9a04"
"pytorch","out/portfolio/pytorch/core10-rtx3080-20260720T131000Z/worker-007-1-pytorch_preallocated_out.log","3351","5f027de695822260e98ad54e8f2bdb157470a7d739ff2ad7d8e273a4ca096d25"
"pytorch","out/portfolio/pytorch/core10-rtx3080-20260720T131000Z/worker-007-2-pytorch_eager.log","3337","807a6bd0395d245198a83ad68ede3d4b7d0644a1be0d03e6fff0970055313890"
"pytorch","out/portfolio/pytorch/core10-rtx3080-20260720T131000Z/worker-007-2-pytorch_preallocated_out.log","3353","c59c15076abdb364371da964795cff7963e0f97a83f2d991e9e6f8db784ccb92"
"pytorch","out/portfolio/pytorch/core10-rtx3080-20260720T131000Z/worker-019-0-pytorch_eager.log","3285","303139031b26bb85ef601ed12ed6dc826897a47525bd74741816694bafc3dc23"
"pytorch","out/portfolio/pytorch/core10-rtx3080-20260720T131000Z/worker-019-0-pytorch_preallocated_out.log","3392","ec2bdde6542ad93b069a8f1900b4305e2e95a09b572bdddac5ca01c8e3b7acec"
"pytorch","out/portfolio/pytorch/core10-rtx3080-20260720T131000Z/worker-019-1-pytorch_eager.log","3293","edbb33e8bfea3a14fafabe70d4fc2f503057efdca99cd39af792bfb1fb120717"
"pytorch","out/portfolio/pytorch/core10-rtx3080-20260720T131000Z/worker-019-1-pytorch_preallocated_out.log","3381","3611d9bc4264c48e00f08ca97707c0e3d35c80d2df4bab494381478a5b9ebe3b"
"pytorch","out/portfolio/pytorch/core10-rtx3080-20260720T131000Z/worker-019-2-pytorch_eager.log","3293","e9a98c0577c26c214e03ac3de77a21f6ce5ca2fcd0e5507d8a2b7506bd19fbcb"
"pytorch","out/portfolio/pytorch/core10-rtx3080-20260720T131000Z/worker-019-2-pytorch_preallocated_out.log","3378","73ff5c85efe8e0cbed2bc115c6362bf8af8815eb4131c75dd1e4f767c7636a47"
"pytorch","out/portfolio/pytorch/core10-rtx3080-20260720T131000Z/worker-023-0-pytorch_eager.log","3382","36af239e04212893ac42307d56b2ce13b456e5c9b6460a12e441e7b672df8ae6"
"pytorch","out/portfolio/pytorch/core10-rtx3080-20260720T131000Z/worker-023-0-pytorch_preallocated_out.log","3366","5f48e01872e29fe97ba082002aa6f1d3d8929deeec28d23ae6107e5cd2621455"
"pytorch","out/portfolio/pytorch/core10-rtx3080-20260720T131000Z/worker-023-1-pytorch_eager.log","3359","e903f0abb8cc881d044becbd8a4735a075d77adaaa539b7f54d67c01c2df0770"
"pytorch","out/portfolio/pytorch/core10-rtx3080-20260720T131000Z/worker-023-1-pytorch_preallocated_out.log","3365","4be9d49e90cd640d2ce637bb2a83ef497fa0d559a50f82b96d695330606ad657"
"pytorch","out/portfolio/pytorch/core10-rtx3080-20260720T131000Z/worker-023-2-pytorch_eager.log","3331","4e8406f6755d2ceddb82b6193b4060495a0b6c229f765985105b9dfd2e7bef2b"
"pytorch","out/portfolio/pytorch/core10-rtx3080-20260720T131000Z/worker-023-2-pytorch_preallocated_out.log","3406","b2b0ae96cbc3b6033162297c8f9c69a434cc32f24946d8ba39a0d971321df1ee"
"pytorch","out/portfolio/pytorch/core10-rtx3080-20260720T131000Z/worker-026-0-pytorch_eager.log","3328","8ab28d900b202076fd9bcb1b269da643f7a31774efb1b5bd133b7b24afdda32a"
"pytorch","out/portfolio/pytorch/core10-rtx3080-20260720T131000Z/worker-026-1-pytorch_eager.log","3305","344f238ae045d18e5c30d37029b8b5c6535704c667461a330095c8a08739f570"
"pytorch","out/portfolio/pytorch/core10-rtx3080-20260720T131000Z/worker-026-2-pytorch_eager.log","3358","b7d8b21bb2e37161cc54d30be032d8b38fea28665c29fca6b672c5b9f2fee201"
"pytorch","out/portfolio/pytorch/core10-rtx3080-20260720T131000Z/worker-036-0-pytorch_eager.log","3392","1652455f3bbae2353211c14891600e8b63531490c82cf6fa66bbecf453467612"
"pytorch","out/portfolio/pytorch/core10-rtx3080-20260720T131000Z/worker-036-1-pytorch_eager.log","3382","9836187939283e0531e46f0ed6ed7fd69d3395b86848e902b420dafdefa7e958"
"pytorch","out/portfolio/pytorch/core10-rtx3080-20260720T131000Z/worker-036-2-pytorch_eager.log","3364","e9a0c006798818c6c88a4a31921d33bbba09e3efecf13aa4ba5076e8959f9880"
"pytorch","out/portfolio/pytorch/core10-rtx3080-20260720T131000Z/worker-040-0-pytorch_eager.log","3342","08841196a40c202c6d23222816a703a739fb2242a4f9ed0906ee40b824542e47"
"pytorch","out/portfolio/pytorch/core10-rtx3080-20260720T131000Z/worker-040-1-pytorch_eager.log","3337","9b27118e2b1f01c26c69501eb8c068b9d78d3408c44c9b92b23301ed73da60d4"
"pytorch","out/portfolio/pytorch/core10-rtx3080-20260720T131000Z/worker-040-2-pytorch_eager.log","3333","55768f36ae0cfb8da3730d45fa5d38e1ea619e098f205eb3c5015832aff5daf5"
"pytorch","out/portfolio/pytorch/core10-rtx3080-20260720T131000Z/worker-047-0-pytorch_eager.log","3408","af955e808aec643900b32e1e3660c0df56af9ad3ea4e852ddeb529f9564bb86b"
"pytorch","out/portfolio/pytorch/core10-rtx3080-20260720T131000Z/worker-047-0-pytorch_preallocated_out.log","3427","0310016682f83ddb02a33ba88854cc9a02d5dbe2da4daa7cd9e41c49ac0b380d"
"pytorch","out/portfolio/pytorch/core10-rtx3080-20260720T131000Z/worker-047-1-pytorch_eager.log","3410","108f7ad3ac29df0c9fff2664b94d7e6ef5f705cdcad2adc3eee64494fd96f50e"
"pytorch","out/portfolio/pytorch/core10-rtx3080-20260720T131000Z/worker-047-1-pytorch_preallocated_out.log","3423","bb47b1a2b508c7141b12d638144995361f248caaeb32f8adbda99fa524bc1ad3"
"pytorch","out/portfolio/pytorch/core10-rtx3080-20260720T131000Z/worker-047-2-pytorch_eager.log","3406","9b37a0414fe81035aacd1420e4d22cabfd060755d18dd9b3fb2b2ca8b0908f9b"
"pytorch","out/portfolio/pytorch/core10-rtx3080-20260720T131000Z/worker-047-2-pytorch_preallocated_out.log","3430","3d093685c891da1999277b4b16e072ef4d437f619c7d479baf0c58f1e524a6ef"
"pytorch","out/portfolio/pytorch/core10-rtx3080-20260720T131000Z/worker-088-0-pytorch_driver_formula.log","3406","b6c3e28db70786cf797149557ad73b01f15133fad3fe828e549e6a1021bf2b46"
"pytorch","out/portfolio/pytorch/core10-rtx3080-20260720T131000Z/worker-088-0-pytorch_fused_gelu_tanh.log","3408","9f68ec0445b14497762a71d238297b55c4fc050374c30f207a195ed8d31f91e1"
"pytorch","out/portfolio/pytorch/core10-rtx3080-20260720T131000Z/worker-088-1-pytorch_driver_formula.log","3395","78403bfdbae36c2bf89baaca20da34418530001a74440cb59088ae9a51d2e41a"
"pytorch","out/portfolio/pytorch/core10-rtx3080-20260720T131000Z/worker-088-1-pytorch_fused_gelu_tanh.log","3369","571eab81ed7b2f525851865d41dfa286020b6c1de4a1530a3a425ba98f3c5cf6"
"pytorch","out/portfolio/pytorch/core10-rtx3080-20260720T131000Z/worker-088-2-pytorch_driver_formula.log","3382","c79193e3774d7c94e717b9f24d5ffb11d1ed0aa6e87cb45c8809df873e4131a4"
"pytorch","out/portfolio/pytorch/core10-rtx3080-20260720T131000Z/worker-088-2-pytorch_fused_gelu_tanh.log","3417","6c5f714d1a4d7bcecd41bb28e90ac69e1fe8a77b1fb7e8a2594bc8d2ca1b0fe1"
"pytorch","out/portfolio/pytorch/core10-rtx3080-20260720T131000Z/worker-095-0-pytorch_eager.log","3333","f1065f2cf1702cc12e7455a94041f983fad55bfed4c46ce9ded6719220a02a6f"
"pytorch","out/portfolio/pytorch/core10-rtx3080-20260720T131000Z/worker-095-1-pytorch_eager.log","3329","fe6856afbf312836da574f4eca573a58865b03e0fde9329c71656ecfa902c837"
"pytorch","out/portfolio/pytorch/core10-rtx3080-20260720T131000Z/worker-095-2-pytorch_eager.log","3316","25ae77fb654efbb4b2d0590bd2650da7cb99e4958fb13b8a191381ea3dbbb961"
"analysis","out/portfolio/analysis/core10-rtx3080-20260720/core10_rtx3080_comparison.csv","7037","02c845f1dba433e0175b36eefcd02ac0f04aca91e0638a69ed4a9aa0930d255f"
"analysis","out/portfolio/analysis/core10-rtx3080-20260720/core10_rtx3080_comparison.json","19082","11bc9bf2bddcce191bf9092743ef03acd89f42166c93492ba118efa211fcae0f"
"analysis","out/portfolio/analysis/core10-rtx3080-20260720/core10_rtx3080_comparison.svg","5050","f17e1319466e6508d0e639a5b333ad5bbbb988b427924f8ba5b6d8cecd7cc862"
"analysis","out/portfolio/analysis/core10-rtx3080-20260720/core10_rtx3080_SHA256SUMS.json","313","f2e33bd312ff0af002a24b7d94d2760584ca956b6e8f3768561ef72d00b2ef63"
